<?xml version="1.0"?>
<Runs Version="1" Minor="9">
	<Run Id="synth_1" Type="Ft3:Synth" SrcSet="sources_1" Part="xc7z020clg484-1" LaunchPart="xc7z020clg484-1" ConstrsSet="constrs_1" Description="Vivado Synthesis Defaults" State="current" Dir="$PRUNDIR/synth_1" LaunchTime="1362439968">
		<File Type="RDS-UTIL" Name="zc702_hdmi_out_utilization_synth.rpt"/>
		<File Type="RUN-STRAT" Name="$PDATADIR/runs/synth_1/synth_1.psg"/>
		<File Type="RDS-UTIL-PB" Name="zc702_hdmi_out_utilization_synth.pb"/>
		<File Type="RDS-DCP" Name="zc702_hdmi_out.dcp"/>
		<File Type="VDS-TIMINGSUMMARY" Name="zc702_hdmi_out_timing_summary_synth.rpt"/>
		<File Type="VDS-TIMING-PB" Name="zc702_hdmi_out_timing_summary_synth.pb"/>
		<File Type="PA-TCL" Name="zc702_hdmi_out.tcl"/>
		<File Type="RUN-SRCS" Name="$PDATADIR/runs/synth_1/sources.xml"/>
		<File Type="RDS-RDS" Name="zc702_hdmi_out.rds"/>
		<File Type="RUN-CONSTRS" Name="$PDATADIR/runs/synth_1/constrs_in.xml"/>
	</Run>
	<Run Id="impl_1" Type="Ft2:EntireDesign" SynthRun="synth_1" Part="xc7z020clg484-1" LaunchPart="xc7z020clg484-1" ConstrsSet="constrs_1" Description="Vivado Implementation Defaults" State="current" Dir="$PRUNDIR/impl_1" LaunchTime="1362440048">
		<File Type="RUN-STRAT" Name="$PDATADIR/runs/impl_1/impl_1.psg"/>
		<File Type="OPT-DRC" Name="zc702_hdmi_out_drc_opted.rpt"/>
		<File Type="PLACE-IO" Name="zc702_hdmi_out_io_placed.rpt"/>
		<File Type="PLACE-CLK" Name="zc702_hdmi_out_clock_utilization_placed.rpt"/>
		<File Type="PLACE-UTIL" Name="zc702_hdmi_out_utilization_placed.rpt"/>
		<File Type="PLACE-UTIL-PB" Name="zc702_hdmi_out_utilization_placed.pb"/>
		<File Type="PLACE-CTRL" Name="zc702_hdmi_out_control_sets_placed.rpt"/>
		<File Type="PLACE-SIMILARITY" Name="zc702_hdmi_out_incremental_reuse_placed.rpt"/>
		<File Type="ROUTE-DRC" Name="zc702_hdmi_out_drc_routed.rpt"/>
		<File Type="PA-TCL" Name="zc702_hdmi_out.tcl"/>
		<File Type="ROUTE-DRC-PB" Name="zc702_hdmi_out_drc_routed.pb"/>
		<File Type="ROUTE-PWR" Name="zc702_hdmi_out_power_routed.rpt"/>
		<File Type="ROUTE-PWR-SUM" Name="zc702_hdmi_out_power_summary_routed.pb"/>
		<File Type="ROUTE-STATUS" Name="zc702_hdmi_out_route_status.rpt"/>
		<File Type="ROUTE-STATUS-PB" Name="zc702_hdmi_out_route_status.pb"/>
		<File Type="ROUTE-DCP" Name="zc702_hdmi_out_routed.dcp"/>
		<File Type="ROUTE-TIMINGSUMMARY" Name="zc702_hdmi_out_timing_summary_routed.rpt"/>
		<File Type="ROUTE-TIMING-PB" Name="zc702_hdmi_out_timing_summary_routed.pb"/>
		<File Type="OPT-DCP" Name="zc702_hdmi_out_opt.dcp"/>
		<File Type="PLACE-DCP" Name="zc702_hdmi_out_placed.dcp"/>
		<File Type="PWROPT-DCP" Name="zc702_hdmi_out_pwropt.dcp"/>
		<File Type="RDI-RDI" Name="zc702_hdmi_out.rdi"/>
		<File Type="POSTPLACE-PWROPT-DCP" Name="zc702_hdmi_out_postplace_pwropt.dcp"/>
		<File Type="PWROPT-DRC" Name="zc702_hdmi_out_drc_pwropted.rpt"/>
		<File Type="PHYSOPT-DCP" Name="zc702_hdmi_out_physopt.dcp"/>
		<File Type="PHYSOPT-DRC" Name="zc702_hdmi_out_drc_physopted.rpt"/>
		<File Type="BG-BIT" Name="zc702_hdmi_out.bit"/>
		<File Type="BG-DRC" Name="zc702_hdmi_out.drc"/>
		<File Type="BG-BGN" Name="zc702_hdmi_out.bgn"/>
		<File Type="BG-BIN" Name="zc702_hdmi_out.bin"/>
		<File Type="BITSTR-MSK" Name="zc702_hdmi_out.msk"/>
		<File Type="BITSTR-RBT" Name="zc702_hdmi_out.rbt"/>
		<File Type="BITSTR-NKY" Name="zc702_hdmi_out.nky"/>
		<File Type="BITSTR-BMM" Name="zc702_hdmi_out_bd.bmm"/>
		<File Type="WBT-USG" Name="usage_statistics_webtalk.html"/>
		<File Type="RUN-CONSTRS" Name="$PDATADIR/runs/impl_1/constrs_in.xml"/>
	</Run>
</Runs>

