<?xml version="1.0" encoding="UTF-8"?>
<DARoots Version="1" Minor="30">
  <FileSet Name="sim_1" Type="SimulationSrcs" RelSrcDir="$PSRCDIR/sim_1">
    <Config>
      <Option Name="DesignMode" Val="RTL"/>
      <Option Name="TopModule" Val="fmc_imageon_vita_receiver"/>
      <Option Name="TopLib" Val="work"/>
      <Option Name="TopArchitecture" Val="IMP"/>
      <Option Name="TopRTLFile" Val="$PSRCDIR/sources_1/imports/vita/fmc_imageon_vita_receiver.vhd"/>
      <Option Name="TopAutoSet" Val="TRUE"/>
      <Option Name="SrcSet" Val="sources_1"/>
    </Config>
  </FileSet>
</DARoots>
